{
  "XGBoost_GPU": {
    "accuracy": 1.0,
    "precision": 1.0,
    "recall": 1.0,
    "f1_score": 1.0,
    "roc_auc": 1.0,
    "prediction_time": 0.10758185386657715
  },
  "LightGBM_GPU": {
    "accuracy": 1.0,
    "precision": 1.0,
    "recall": 1.0,
    "f1_score": 1.0,
    "roc_auc": 1.0,
    "prediction_time": 0.14470672607421875
  },
  "CatBoost_GPU": {
    "accuracy": 1.0,
    "precision": 1.0,
    "recall": 1.0,
    "f1_score": 1.0,
    "roc_auc": 1.0,
    "prediction_time": 0.03337454795837402
  },
  "RandomForest_CPU": {
    "accuracy": 1.0,
    "precision": 1.0,
    "recall": 1.0,
    "f1_score": 1.0,
    "roc_auc": 1.0,
    "prediction_time": 0.15761017799377441
  },
  "ExtraTrees_CPU": {
    "accuracy": 0.9220474613686535,
    "precision": 0.9295855134037913,
    "recall": 0.9220474613686535,
    "f1_score": 0.9233894120572299,
    "roc_auc": 0.9879881695656829,
    "prediction_time": 0.155348539352417
  }
}